{
    "version": "2.0.0",
    "runner": "terminal",
    "type": "shell",
    "echoCommand": true,
    "presentation" : { "reveal": "always" },
    "tasks": [
        {
            "label": "build",
            "command": "g++",
            "args": [
                "${file}",
                "-g",
                "-o",
                "${fileDirname}/${fileBasenameNoExtension}"
            ],
            "group": "build",
            "problemMatcher": {
                "fileLocation": [
                    "relative",
                    "${workspaceRoot}"
                ],
                "pattern": {
                    "regexp": "^(.*):(\\d+):(\\d+):\\s+(warning error):\\s+(.*)$",
                    "file": 1,
                    "line": 2,
                    "column": 3,
                    "severity": 4,
                    "message": 5
                }
            }
        },
        {
            "label": "build",
            "command": "gcc",
            "args": [
                "${file}",
                "-g",
                "-o",
                "${fileDirname}/${fileBasenameNoExtension}"
            ],
            "group": "build",
            "problemMatcher": {
                "fileLocation": [
                    "relative",
                    "${workspaceRoot}"
                ],
                "pattern": {
                    "regexp": "^(.*):(\\d+):(\\d+):\\s+(warning error):\\s+(.*)$",
                    "file": 1,
                    "line": 2,
                    "column": 3,
                    "severity": 4,
                    "message": 5
                }
            }
        },
        {
            "label": "execute",
            "command": "cmd",
            "group": {
                "kind": "build",
                "isDefault": true
            },
            "args": [
                "/C",
                "${fileDirname}\\${fileBasenameNoExtension}"
            ]
        },
        {
            "label": "Project Label",
            "type": "shell",
            "command": "python3",
            "args": [
                "${file}"
            ],
            "presentation": {
                "reveal": "always",
                "panel": "new"
            },
            "options": {
                "env": {
                    "PYTHONIOENCODING": "UTF-8"
                }
            },
            "group": {
                "kind": "build",
                "isDefault": true
            }
        },
        {
            "type": "shell",
            "label": "g++.exe build active file",
            "command": "C:\\MinGW\\bin\\g++.exe",
            "args": [
                "-g",
                "${file}",
                "-o",
                "${fileDirname}\\${fileBasenameNoExtension}.exe"
            ],
            "options": {
                "cwd": "C:\\MinGW\\bin"
            },
            "problemMatcher": [
                "$gcc"
            ],
            "group": "build"
        }
    ]
}